"data__message","data__link","data__permalink_url","data__created_time","data__type","data__name","data__id","data__shares__count","data__reactions__summary__total_count","data__reactions__summary__viewer_reaction","data__likes__summary__total_count","data__likes__summary__can_like","data__likes__summary__has_liked","data__comments__summary__order","data__comments__summary__total_count","data__comments__summary__can_comment","paging__previous","paging__next"
"Leading the way with the support of many.  #SpeedTakes family. Find out more: www.adidas.com/speedtakes","https://www.facebook.com/adidas/videos/1181743215181929/","https://www.facebook.com/adidas/videos/1181743215181929/","2016-08-06T13:00:23+0000","video","Speed Takes Family - adidas","182162001806727_1181743215181929","13","316","NONE","294","False","False","ranked","3","False","https://graph.facebook.com/v2.8/182162001806727/posts?fields=message,link,permalink_url,created_time,type,name,id,comments.limit%280%29.summary%28true%29,shares,likes.limit%280%29.summary%28true%29,reactions.limit%280%29.summary%28true%29&limit=100&__paging_token=enc_AdDd1ZBrRrrHfx7OLwII9aqbnw2tOyeA1LnQgZBBw8XSTyUuWe6DSeG9r0MivHVJhsBitpOrjXaZBSPZAh20F1rMLhGXWWNkU8D0P5xALjQRobPUaAZDZD&since=1470488423&access_token=1053491811442987|4bcc96fbefc5947e12b737decab00f44&__previous=1","https://graph.facebook.com/v2.8/182162001806727/posts?fields=message,link,permalink_url,created_time,type,name,id,comments.limit%280%29.summary%28true%29,shares,likes.limit%280%29.summary%28true%29,reactions.limit%280%29.summary%28true%29&limit=100&__paging_token=enc_AdBJsG7sgXmMxiC1iQ8wCfoysZA2jnA4Qjba2dRIkf9mH5I94SnPOYI4WZBMsy9KUGHWMARCLZBdbSXZBDpu84sf1JzaZAxrbg95rujQm1ZChLdduNQQZDZD&access_token=1053491811442987|4bcc96fbefc5947e12b737decab00f44&until=1442788825"
"Prepped for the job in hand.  Ready to defend his title. #SpeedTakes focus. Find out more: www.adidas.com/speedtakes","https://www.facebook.com/adidas/videos/1181706075185643/","https://www.facebook.com/adidas/videos/1181706075185643/","2016-08-06T12:00:18+0000","video","Speed Takes Focus - adidas","182162001806727_1181706075185643","6","285","NONE","270","False","False","ranked","3","False","",""
"","https://www.facebook.com/adidas/photos/a.378587962164129.86570.182162001806727/1181228318566752/?type=3","https://www.facebook.com/adidas/posts/1181228368566747","2016-08-05T19:06:30+0000","photo","adidas's cover photo","182162001806727_1181228318566752","7","668","NONE","644","False","False","ranked","9","False","",""
"Summer is a time to experiment with your creativity, no matter what city you’re in. Damian Lillard is here to create.","https://www.facebook.com/adidas/videos/1171129022910015/","https://www.facebook.com/adidas/videos/1171129022910015/","2016-07-22T14:00:00+0000","video","Creating Clutch - adidas","182162001806727_1171129022910015","322","1140","NONE","1078","False","False","ranked","108","False","",""
"","https://www.facebook.com/adidas/photos/a.378587962164129.86570.182162001806727/1171166096239641/?type=3","https://www.facebook.com/adidas/posts/1171166616239589","2016-07-22T13:47:34+0000","photo","adidas's cover photo","182162001806727_1171166096239641","13","616","NONE","601","False","False","ranked","31","False","",""
"","https://www.facebook.com/adidas/photos/a.187482561274671.40774.182162001806727/1168539029835681/?type=3","https://www.facebook.com/adidas/posts/1171166429572941:0","2016-07-22T13:47:25+0000","photo","adidas","182162001806727_1168539029835681","54","436","NONE","405","False","False","ranked","22","False","",""
"Geared to create, Andrew Wiggins reps the all-new Crazy Explosive, with full-length BOOST and Primeknit. Now available for order worldwide.","https://www.facebook.com/adidas/photos/a.191308754225385.42450.182162001806727/1170091079680476/?type=3","https://www.facebook.com/adidas/posts/1170091079680476:0","2016-07-21T02:18:22+0000","photo","Timeline Photos","182162001806727_1170091079680476","16","625","NONE","604","False","False","ranked","18","False","",""
"Create inspiration through style and performance. Welcome to the adidas by Stella McCartney family, Karlie Kloss.","https://www.facebook.com/adidas/photos/a.191308754225385.42450.182162001806727/1169296723093245/?type=3","https://www.facebook.com/adidas/posts/1169296723093245:0","2016-07-19T18:31:02+0000","photo","Timeline Photos","182162001806727_1169296723093245","20","582","NONE","559","False","False","ranked","16","False","",""
"","https://www.facebook.com/adidas/photos/a.378587962164129.86570.182162001806727/1168539449835639/?type=3","https://www.facebook.com/adidas/posts/1168539486502302","2016-07-18T15:46:23+0000","photo","adidas's cover photo","182162001806727_1168539449835639","7","435","NONE","419","False","False","ranked","8","False","",""
"","https://www.facebook.com/adidas/photos/a.187482561274671.40774.182162001806727/1165819983440919/?type=3","https://www.facebook.com/adidas/posts/1168539089835675:0","2016-07-18T15:45:26+0000","photo","adidas","182162001806727_1165819983440919","41","309","NONE","294","False","False","ranked","17","False","",""
"Creativity can come from anywhere. Athletes from around Florida test their skills Muck City-style. This is how you create New Speed.","https://www.facebook.com/adidas/videos/1166103330079251/","https://www.facebook.com/adidas/videos/1166103330079251/","2016-07-14T23:57:55+0000","video","","182162001806727_1166103330079251","504","1436","NONE","1356","False","False","ranked","114","False","",""
"Experiment with your creativity.   Let your imagination run wild off the pitch so you can cause chaos on it.  S3 is here to create.  http://www.adidas.com/heretocreate","https://www.facebook.com/adidas/videos/1165784223444495/","https://www.facebook.com/adidas/videos/1165784223444495/","2016-07-14T14:00:00+0000","video","Creating Chaos - adidas","182162001806727_1165784223444495","253","670","NONE","616","False","False","ranked","35","False","",""
"","https://www.facebook.com/adidas/photos/a.378587962164129.86570.182162001806727/1165822043440713/?type=3","https://www.facebook.com/adidas/posts/1165822120107372","2016-07-14T13:33:04+0000","photo","adidas's cover photo","182162001806727_1165822043440713","8","379","NONE","367","False","False","ranked","9","False","",""
"Create the future through sport. Today, we are proud to partner with Mayor de Blasio and @NYCFC to launch the New York City Soccer Initiative. This initiative will bring 50 new soccer fields to underserved neighborhoods across the five boroughs over the next five years.","https://www.facebook.com/adidas/photos/a.191308754225385.42450.182162001806727/1164519750237609/?type=3","https://www.facebook.com/adidas/posts/1164519750237609:0","2016-07-12T15:24:52+0000","photo","Timeline Photos","182162001806727_1164519750237609","65","733","NONE","700","False","False","ranked","21","False","",""
"Creators light up the pitch.  Introducing the Speed of Light Pack. Available worldwide Friday.","https://www.facebook.com/adidas/photos/a.191308754225385.42450.182162001806727/1164375943585323/?type=3","https://www.facebook.com/adidas/posts/1164375943585323:0","2016-07-12T10:00:04+0000","photo","Timeline Photos","182162001806727_1164375943585323","24","532","NONE","494","False","False","ranked","11","False","",""
"Inspiring the next generation by creating the standard. Thank you, Tim. The greatest Power Forward. Ever.","https://www.facebook.com/adidas/photos/a.191308754225385.42450.182162001806727/1163902363632681/?type=3","https://www.facebook.com/adidas/posts/1163902363632681:0","2016-07-11T16:07:00+0000","photo","Timeline Photos","182162001806727_1163902363632681","21","547","NONE","513","False","False","ranked","4","False","",""
"Stars rep stripes. Today, Kris Bryant is geared to create fireworks on the diamond 🇺🇸","https://www.facebook.com/adidas/photos/a.191308754225385.42450.182162001806727/1159228390766745/?type=3","https://www.facebook.com/adidas/posts/1159228390766745:0","2016-07-04T13:17:16+0000","photo","Timeline Photos","182162001806727_1159228390766745","23","559","NONE","534","False","False","ranked","23","False","",""
"Engineered for creators. Crazylight 2016 features full-length BOOST for the ultimate low-top. Available now worldwide.","https://www.facebook.com/adidas/photos/a.191308754225385.42450.182162001806727/1158100667546184/?type=3","https://www.facebook.com/adidas/posts/1158100667546184:0","2016-07-02T16:07:17+0000","photo","Timeline Photos","182162001806727_1158100667546184","27","617","NONE","596","False","False","ranked","19","False","",""
"Play fast, stay focused.  Simona Halep surprises her opponents and takes her game to them.  #SpeedTakes aggression.","https://www.facebook.com/adidas/videos/1156599851029599/","https://www.facebook.com/adidas/videos/1156599851029599/","2016-06-30T12:56:12+0000","video","Simona Halep: Speed Takes Aggression - adidas","182162001806727_1156599851029599","91","546","NONE","503","False","False","ranked","27","False","",""
"Two years in and the game’s just been changed again.  adidas + KANYE WEST","https://www.facebook.com/adidas/photos/a.191308754225385.42450.182162001806727/1155856487770602/?type=3","https://www.facebook.com/adidas/posts/1155856487770602:0","2016-06-29T10:00:21+0000","photo","Timeline Photos","182162001806727_1155856487770602","51","655","NONE","595","False","False","ranked","81","False","",""
"The top of the podium is Allison Schmitt‘s destination.  Her past defeats are the fuel that will take her there.  #SpeedTakes progress.","https://www.facebook.com/adidas/videos/1155318317824419/","https://www.facebook.com/adidas/videos/1155318317824419/","2016-06-28T14:00:00+0000","video","Allison Schmitt: Speed Takes Progress - adidas","182162001806727_1155318317824419","79","412","NONE","396","False","False","ranked","18","False","",""
"Injuries almost ruined her career. Almost.  Jaque Carvalho fought her way back to the top.  #SpeedTakes guts.","https://www.facebook.com/adidas/videos/1154643847891866/","https://www.facebook.com/adidas/videos/1154643847891866/","2016-06-27T14:00:00+0000","video","Jaqueline Carvalho: Speed Takes Guts - adidas","182162001806727_1154643847891866","350","754","NONE","690","False","False","ranked","43","False","",""
"Uncage your run.  The greatest running shoe ever is reborn.  #UltraBOOST Uncaged drops worldwide June 29th.","https://www.facebook.com/adidas/photos/a.191308754225385.42450.182162001806727/1151294368226814/?type=3","https://www.facebook.com/adidas/posts/1151294368226814:0","2016-06-22T15:00:01+0000","photo","Timeline Photos","182162001806727_1151294368226814","50","773","NONE","737","False","False","ranked","73","False","",""
"Seamless design. Limitless performance. Create your future in running with AlphaBOUNCE.","https://www.facebook.com/adidas/videos/1148104378545813/","https://www.facebook.com/adidas/videos/1148104378545813/","2016-06-17T20:33:28+0000","video","","182162001806727_1148104378545813","138","949","NONE","891","False","False","ranked","54","False","",""
"Out to put on a show.  Bia e Branca Feres are fine-tuning their routine to make their country proud. #SpeedTakes perfection.  Find out more: www.adidas.com/speedtakes","https://www.facebook.com/adidas/videos/1145256535497264/","https://www.facebook.com/adidas/videos/1145256535497264/","2016-06-13T14:00:00+0000","video","Bia and Branca Feres: Speed Takes Perfection - adidas","182162001806727_1145256535497264","42","576","NONE","554","False","False","ranked","25","False","",""
"Four years ago, nerves and inexperience stopped Yohan Blake from doing what he wanted on the track. He’s a different person now. And he’s ready to go. #SpeedTakes transformation.  Find out more: www.adidas.com/speedtakes","https://www.facebook.com/adidas/videos/1144079355614982/","https://www.facebook.com/adidas/videos/1144079355614982/","2016-06-11T14:01:01+0000","video","SpeedTakes_YohanBlake_HeroFilm_FB&TW","182162001806727_1144079355614982","28","358","NONE","346","False","False","ranked","26","False","",""
"Zip up. Step out. The Light Grey #YEEZYBOOST 750 by Kanye West drops tomorrow.","https://www.facebook.com/adidas/photos/a.191308754225385.42450.182162001806727/1143568552332729/?type=3","https://www.facebook.com/adidas/posts/1143568552332729:0","2016-06-10T20:14:20+0000","photo","Timeline Photos","182162001806727_1143568552332729","26","522","NONE","504","False","False","ranked","40","False","",""
"He's chased this his whole life. Now Wayde Van Niekerk has joined his idols on the biggest stage. He’s here to make his own story. #SpeedTakes dreams.  Find out more: www.adidas.com/speedtakes","https://www.facebook.com/adidas/videos/1142710209085230/","https://www.facebook.com/adidas/videos/1142710209085230/","2016-06-09T14:01:05+0000","video","SpeedTakes_WaydeVanNiekerk_HeroFilm_TW&FB","182162001806727_1142710209085230","35","450","NONE","441","False","False","ranked","13","False","",""
"Today we start a journey to save the oceans. Make the pledge to support Parley for the Oceans Plastic Program. Create a movement.","https://www.facebook.com/adidas/photos/a.191308754225385.42450.182162001806727/1141916879164563/?type=3","https://www.facebook.com/adidas/posts/1141916879164563:0","2016-06-08T08:00:03+0000","photo","Timeline Photos","182162001806727_1141916879164563","82","1031","NONE","952","False","False","ranked","76","False","",""
"From the sea to the street. Introducing the adidas x Parley for the Oceans shoe, the world’s first created from recycled ocean plastic waste.","https://www.facebook.com/adidas/videos/1141464122543172/","https://www.facebook.com/adidas/videos/1141464122543172/","2016-06-07T14:00:54+0000","video","adidas x Parley: From Sea to Shoe","182162001806727_1141464122543172","397","898","NONE","830","False","False","ranked","64","False","",""
"The smallest error on the track can be the difference between first and second. Every millisecond counts for Rosangela Santos. #SpeedTakes pressure.   Find out more: www.adidas.com/speedtakes","https://www.facebook.com/adidas/videos/1140230932666491/","https://www.facebook.com/adidas/videos/1140230932666491/","2016-06-05T14:01:12+0000","video","SpeedTakes_RosangelaSantos_HeroFilm_FB_TW","182162001806727_1140230932666491","19","290","NONE","280","False","False","ranked","18","False","",""
"History in her hands. Garbiñe Muguruza: 2016 Roland Garros champion.","https://www.facebook.com/adidas/photos/a.191308754225385.42450.182162001806727/1140084839347767/?type=3","https://www.facebook.com/adidas/posts/1140084839347767:0","2016-06-05T08:00:05+0000","photo","Timeline Photos","182162001806727_1140084839347767","14","424","NONE","407","False","False","ranked","13","False","",""
"His friends used to be faster than him. Now they don‘t even come close. When they gave up, David Rudisha worked harder than ever. #SpeedTakes dedication.  Find out more: www.adidas.com/speedtakes","https://www.facebook.com/adidas/videos/1138518969504354/","https://www.facebook.com/adidas/videos/1138518969504354/","2016-06-02T18:37:57+0000","video","SpeedTakes_DavidRudisha_HeroFilm_FB_TW","182162001806727_1138518969504354","29","383","NONE","370","False","False","ranked","20","False","",""
"Behind every medal there’s a journey.  Daniel Dias' started in the pool. He knew what he wanted to do, and then he did it.  Now he’s making his country proud and inspiring millions.  #SpeedTakes freedom.  Find out more: www.adidas.com/speedtakes","https://www.facebook.com/adidas/videos/1134216379934613/","https://www.facebook.com/adidas/videos/1134216379934613/","2016-05-30T14:00:00+0000","video","Daniel Dias: Speed Takes Freedom - adidas","182162001806727_1134216379934613","53","418","NONE","385","False","False","ranked","19","False","",""
"Expected to win but feeling no pressure.  Shaunae Miller isn’t being cocky.  She knows that if you want the glory, you have to take it.  #SpeedTakes confidence.  Find out more: www.adidas.com/speedtakes","https://www.facebook.com/adidas/videos/1134214799934771/","https://www.facebook.com/adidas/videos/1134214799934771/","2016-05-28T14:00:00+0000","video","Shaunae Miller: Speed Takes Confidence - adidas","182162001806727_1134214799934771","698","1108","NONE","988","False","False","ranked","31","False","",""
"Every day, Mayra Aguiar competes to exceed her limits.  This is her fight to win. She won‘t settle for anything less.  #SpeedTakes willpower.  Find out more: www.adidas.com/speedtakes","https://www.facebook.com/adidas/videos/1134213743268210/","https://www.facebook.com/adidas/videos/1134213743268210/","2016-05-27T14:00:00+0000","video","Mayra Aguiar: Speed Takes Willpower - adidas","182162001806727_1134213743268210","37","324","NONE","312","False","False","ranked","11","False","",""
"Success doesn‘t come easy.  To be at his best, Sonny Bill Williams must work harder than ever.  #SpeedTakes training.  Find out more: www.adidas.com/speedtakes","https://www.facebook.com/adidas/videos/1131673803522204/","https://www.facebook.com/adidas/videos/1131673803522204/","2016-05-22T14:00:01+0000","video","Sonny Bill Williams: Speed Takes Training - adidas","182162001806727_1131673803522204","35","414","NONE","402","False","False","ranked","27","False","",""
"On the rings, concentration is key.  He hears nothing. He sees nothing.  Arthur Zanetti is in his zone.  #SpeedTakes focus.  Find out more: www.adidas.com/speedtakes","https://www.facebook.com/adidas/videos/1130597586963159/","https://www.facebook.com/adidas/videos/1130597586963159/","2016-05-20T14:04:21+0000","video","Arthur Zanetti: Speed Takes Focus - adidas","182162001806727_1130597586963159","35","369","NONE","351","False","False","ranked","13","False","",""
"First never follows.  Create a trail of 🔥🔥🔥 on the pitch with the Mercury Pack: X16, Messi16 and ACE16.","https://www.facebook.com/adidas/photos/a.191308754225385.42450.182162001806727/1130501250306126/?type=3","https://www.facebook.com/adidas/posts/1130501250306126:0","2016-05-20T10:36:34+0000","photo","Timeline Photos","182162001806727_1130501250306126","362","2347","NONE","2123","False","False","ranked","150","False","",""
"Winning is all the motivation Ajee' Wilson needs.  With the end goal in sight, she’s mapping out her route to victory.  #SpeedTakes planning.  Find out more: www.adidas.com/speedtakes","https://www.facebook.com/adidas/videos/1126427004046884/","https://www.facebook.com/adidas/videos/1126427004046884/","2016-05-14T14:00:00+0000","video","Ajee' Wilson: Speed Takes Planning - adidas","182162001806727_1126427004046884","1151","1860","NONE","1728","False","False","ranked","125","False","",""
"Practice, patience and proving people wrong.  Tori Bowie doesn’t feel pressure. She applies it.  #SpeedTakes belief.  Find out more: www.adidas.com/speedtakes","https://www.facebook.com/adidas/videos/1122111454478439/","https://www.facebook.com/adidas/videos/1122111454478439/","2016-05-06T14:01:03+0000","video","Tori Bowie: Speed Takes Belief - adidas","182162001806727_1122111454478439","52","481","NONE","462","False","False","ranked","32","False","",""
"Getting to the top is hard. Staying there is harder.  There’s always pressure, but it’s how you deal with it that counts.  Ellie Simmonds knows what it takes to win.  #SpeedTakes sacrifice.  Find out more: www.adidas.com/speedtakes","https://www.facebook.com/adidas/videos/1120266114662973/","https://www.facebook.com/adidas/videos/1120266114662973/","2016-05-03T14:00:55+0000","video","Ellie Simmonds: Speed Takes Sacrifice - adidas","182162001806727_1120266114662973","32","412","NONE","385","False","False","ranked","31","False","",""
"In her quest for medals, Laura Trott pushes her body to its limits.  She ignores the burn and focuses on being the fastest she can be.  That’s what wins medals.  #SpeedTakes pain.  Find out more: www.adidas.com/speedtakes","https://www.facebook.com/adidas/videos/1118513651504886/","https://www.facebook.com/adidas/videos/1118513651504886/","2016-04-30T14:00:42+0000","video","SpeedTakes_LauraTrott_HeroFilm_FB_TW","182162001806727_1118513651504886","301","810","NONE","757","False","False","ranked","33","False","",""
"When the heat wave hits, hit back.  Cooler heads prevail with Climachill.","https://www.facebook.com/adidas/photos/a.191308754225385.42450.182162001806727/1117177651638486/?type=3","https://www.facebook.com/adidas/posts/1117177651638486:0","2016-04-28T14:00:06+0000","photo","Timeline Photos","182162001806727_1117177651638486","25","1100","NONE","1082","False","False","ranked","25","False","",""
"Fit for a Queen. #SpeedTakes innovation. Introducing the new Team GB Kit. #100DaysToGo  Find out more: www.adidas.com/speedtakes","https://www.facebook.com/adidas/photos/a.191308754225385.42450.182162001806727/1116476041708647/?type=3","https://www.facebook.com/adidas/posts/1116476041708647:0","2016-04-27T09:45:02+0000","photo","Timeline Photos","182162001806727_1116476041708647","36","579","NONE","547","False","False","ranked","29","False","",""
"The greatest footprint we can have is not having one at all.  To celebrate Earth Day, we are proud to announce that plastic shopping bags in our retail stores are now history.  Learn more : http://a.did.as/6187Blb4Z","https://www.facebook.com/adidas/photos/a.191308754225385.42450.182162001806727/1113478872008364/?type=3","https://www.facebook.com/adidas/posts/1113478872008364:0","2016-04-22T08:00:03+0000","photo","Timeline Photos","182162001806727_1113478872008364","86","979","NONE","936","False","False","ranked","32","False","",""
"They told Morgan Brian she was too small to play.  They were wrong.  Bigger doesn’t always mean better.  #SpeedTakes creativity.  Find out more: www.adidas.com/speedtakes","https://www.facebook.com/adidas/videos/1109942322362019/","https://www.facebook.com/adidas/videos/1109942322362019/","2016-04-16T14:00:54+0000","video","Morgan Brian: Speed Takes Creativity - adidas","182162001806727_1109942322362019","105","778","NONE","734","False","False","ranked","55","False","",""
"One giant leap into the future of sportswear.  The new adidas Y-3 Sport performance collection has arrived.  Available in stores and online now at http://a.did.as/6189BYdAS.","https://www.facebook.com/adidas/photos/a.191308754225385.42450.182162001806727/1109316472424604/?type=3","https://www.facebook.com/adidas/posts/1109316472424604:0","2016-04-15T14:00:10+0000","photo","Timeline Photos","182162001806727_1109316472424604","19","474","NONE","453","False","False","ranked","26","False","",""
"Following in her ancestor’s footsteps.  Tyla Nathan-Wong needs hard work and guts to succeed.  But more than anything, she needs support.  #SpeedTakes family.  Find out more: www.adidas.com/speedtakes","https://www.facebook.com/adidas/videos/1105708606118724/","https://www.facebook.com/adidas/videos/1105708606118724/","2016-04-09T14:00:41+0000","video","Tyla Nathan-Wong: Speed Takes Family - adidas","182162001806727_1105708606118724","155","850","NONE","817","False","False","ranked","56","False","",""
"Spit out fire. Sweat out weakness.  Climachill will guide you through the flames.","https://www.facebook.com/adidas/photos/a.191308754225385.42450.182162001806727/1103992916290293/?type=3","https://www.facebook.com/adidas/posts/1103992916290293:0","2016-04-06T14:00:09+0000","photo","Timeline Photos","182162001806727_1103992916290293","19","917","NONE","899","False","False","ranked","17","False","",""
"Create your mark. Earn your stripes.  Ana Ivanovic introduces the new adidas Roland Garros collection by Y-3.","https://www.facebook.com/adidas/photos/a.191308754225385.42450.182162001806727/1101436783212573/?type=3","https://www.facebook.com/adidas/posts/1101436783212573:0","2016-04-02T10:00:03+0000","photo","Timeline Photos","182162001806727_1101436783212573","36","731","NONE","706","False","False","ranked","29","False","",""
"No one hands Garbiñe Muguruza glory. She earns it herself. You’ve got to take your chances when you don’t have time to think. #SpeedTakes instinct.  Find out more: www.adidas.com/speedtakes","https://www.facebook.com/adidas/videos/1101006896588895/","https://www.facebook.com/adidas/videos/1101006896588895/","2016-04-01T15:53:57+0000","video","Garbiñe Muguruza: Speed Takes Instinct - adidas","182162001806727_1101006896588895","33","383","NONE","373","False","False","ranked","13","False","",""
"Eva de Goede has played for her country since she was 17.  But never on her own.  #SpeedTakes teamwork.  Find out more: www.adidas.com/speedtakes","https://www.facebook.com/adidas/videos/1097143853641866/","https://www.facebook.com/adidas/videos/1097143853641866/","2016-03-28T14:03:25+0000","video","Eva De Goede: Speed Takes A Team - adidas","182162001806727_1097143853641866","44","393","NONE","378","False","False","ranked","20","False","",""
"#SpeedTakes everything.  From the starting gun to the final whistle.  The creators of speed are ready.  Find out more: www.adidas.com/speedtakes","https://www.facebook.com/adidas/videos/1096211677068417/","https://www.facebook.com/adidas/videos/1096211677068417/","2016-03-27T14:01:08+0000","video","#SpeedTakes: Introducing the Creators of Speed - adidas","182162001806727_1096211677068417","830","2794","NONE","2609","False","False","ranked","705","False","",""
"Some run for shelter. Creators charge through.  Launch into the heat with Climachill.","https://www.facebook.com/adidas/photos/a.191308754225385.42450.182162001806727/1094515623904689/?type=3","https://www.facebook.com/adidas/posts/1094515623904689:0","2016-03-25T15:00:08+0000","photo","Timeline Photos","182162001806727_1094515623904689","24","719","NONE","694","False","False","ranked","25","False","",""
"Heat will fall, creators will rise.  Be unstoppable in the hottest conditions.  Climachill is Not Made for Normal.","https://www.facebook.com/adidas/videos/1092657350757183/","https://www.facebook.com/adidas/videos/1092657350757183/","2016-03-23T11:30:44+0000","video","Climachill: Not Made For Normal - adidas","182162001806727_1092657350757183","75","522","NONE","491","False","False","ranked","37","False","",""
"""I chose adidas because we have shared passions and values. They have the same vibe I do, on and off the pitch. My biggest passion is football and I needed a brand that would give me the space to express myself and explore new frontiers.""   Creators x adidas. Welcome to the family, Paul Pogba.","https://www.facebook.com/adidas/photos/a.191308754225385.42450.182162001806727/1087525181270400/?type=3","https://www.facebook.com/adidas/posts/1087525181270400:0","2016-03-16T09:00:09+0000","photo","Timeline Photos","182162001806727_1087525181270400","200","4138","NONE","4078","False","False","ranked","108","False","",""
"Create the future you've always imagined.  Put your best foot forward with the NMD City Sock, dropping worldwide March 17th (early May in the U.S.).","https://www.facebook.com/adidas/photos/a.191308754225385.42450.182162001806727/1083753494980902/?type=3","https://www.facebook.com/adidas/posts/1083753494980902:0","2016-03-10T09:00:04+0000","photo","Timeline Photos","182162001806727_1083753494980902","53","1036","NONE","1004","False","False","ranked","89","False","",""
"When extraordinary is your ordinary, it's worth celebrating.  adidas Women get creative EVERY. DAMN. DAY. (Especially #InternationalWomensDay)","https://www.facebook.com/adidas/photos/a.191308754225385.42450.182162001806727/1082765338413051/?type=3","https://www.facebook.com/adidas/posts/1082765338413051:0","2016-03-08T13:00:06+0000","photo","Timeline Photos","182162001806727_1082765338413051","113","1516","NONE","1447","False","False","ranked","50","False","",""
"The love you take is equal to the love you make.","https://www.facebook.com/adidas/photos/a.191308754225385.42450.182162001806727/1069270016429250/?type=3","https://www.facebook.com/adidas/posts/1069270016429250:0","2016-02-14T07:30:07+0000","photo","Timeline Photos","182162001806727_1069270016429250","1766","14356","NONE","14145","False","False","ranked","1673","False","",""
"Cutting-edge craftsmanship for a revolutionary run.  This is Futurecraft Tailored Fibre.","https://www.facebook.com/adidas/photos/a.1067342993288619.1073741858.182162001806727/1067343003288618/?type=3","","2016-02-10T15:00:43+0000","photo","Futurecraft Tailored Fibre - adidas","182162001806727_1067343003288618","95","265","NONE","240","False","False","ranked","30","False","",""
"Cutting-edge craftsmanship for a revolutionary run.  Introducing Futurecraft Tailored Fibre.","https://www.facebook.com/adidas/videos/1067208583302060/","https://www.facebook.com/adidas/videos/1067208583302060/","2016-02-10T10:02:37+0000","video","Futurecraft Tailored Fibre - adidas","182162001806727_1067208583302060","377","822","NONE","800","False","False","ranked","55","False","",""
"From the court to the beach, no type of training is off limits.  Caroline Wozniacki is #heretocreate. Get the full story: http://a.did.as/6184Bwyli","https://www.facebook.com/adidas/photos/a.191308754225385.42450.182162001806727/1064504086905843/?type=3","https://www.facebook.com/adidas/posts/1064504086905843:0","2016-02-05T15:00:14+0000","photo","Timeline Photos","182162001806727_1064504086905843","10","700","NONE","693","False","False","ranked","13","False","",""
"Originality inspires strength.  Strength empowers independence.","https://www.facebook.com/adidas/photos/a.191308754225385.42450.182162001806727/1062948607061391/?type=3","https://www.facebook.com/adidas/posts/1062948607061391:0","2016-02-02T15:00:15+0000","photo","Timeline Photos","182162001806727_1062948607061391","10","429","NONE","424","False","False","ranked","15","False","",""
"We create the shoes. He creates the history. Novak Djokovic takes the #AusOpen. 🏆🏆🏆🏆🏆🏆","https://www.facebook.com/adidas/photos/a.191308754225385.42450.182162001806727/1061891690500416/?type=3","https://www.facebook.com/adidas/posts/1061891690500416:0","2016-01-31T11:42:54+0000","photo","Timeline Photos","182162001806727_1061891690500416","27","643","NONE","641","False","False","ranked","13","False","",""
"Revolution through innovation. This is positive energy.  Created by women, for women. Introducing PureBOOST X.","https://www.facebook.com/adidas/photos/a.191308754225385.42450.182162001806727/1060390670650518/?type=3","https://www.facebook.com/adidas/posts/1060390670650518:0","2016-01-28T15:00:15+0000","photo","Timeline Photos","182162001806727_1060390670650518","62","786","NONE","777","False","False","ranked","35","False","",""
"You can follow what they say about you or use it as motivation to create your own game.","https://www.facebook.com/adidas/videos/1056070224415896/","https://www.facebook.com/adidas/videos/1056070224415896/","2016-01-19T17:00:41+0000","video","adidas: Creators Never Follow – Damian Lillard","182162001806727_1056070224415896","439","1049","NONE","1034","False","False","ranked","172","False","",""
"When you're the greatest of all time, creating history comes easy.  🏆🏆🏆🏆🏆","https://www.facebook.com/adidas/photos/a.191308754225385.42450.182162001806727/1052679178088334/?type=3","https://www.facebook.com/adidas/posts/1052679178088334:0","2016-01-12T21:08:02+0000","photo","Timeline Photos","182162001806727_1052679178088334","582","8798","NONE","8735","False","False","ranked","263","False","",""
"What did you expect? Leo Messi is here to create.","https://www.facebook.com/adidas/videos/1052185531471032/","https://www.facebook.com/adidas/videos/1052185531471032/","2016-01-11T19:11:19+0000","video","adidas: I'm Here To Create feat. Leo Messi","182162001806727_1052185531471032","5958","7645","NONE","7595","False","False","ranked","309","False","",""
"Ballon d’Or number 5. The greatest of all time. Leo Messi is here to create.","https://www.facebook.com/adidas/photos/a.191308754225385.42450.182162001806727/1052177451471840/?type=3","https://www.facebook.com/adidas/posts/1052177451471840:0","2016-01-11T18:55:35+0000","photo","Timeline Photos","182162001806727_1052177451471840","136","2367","NONE","2352","False","False","ranked","59","False","",""
"Celebrate the New Year. Create the new in 2016.","https://www.facebook.com/adidas/photos/a.191308754225385.42450.182162001806727/1046369642052621/?type=3","https://www.facebook.com/adidas/posts/1046369642052621:0","2015-12-31T15:00:23+0000","photo","Timeline Photos","182162001806727_1046369642052621","193","1115","NONE","1112","False","False","ranked","54","False","",""
"Futurecraft 3D. Ultra Boost. YEEZY BOOST. X and Ace.  Innovation creates new icons. The game is forever changed.","https://www.facebook.com/adidas/photos/a.1043082325714686.1073741857.182162001806727/1043082345714684/?type=3","","2015-12-25T15:00:39+0000","photo","adidas 2015","182162001806727_1043082345714684","93","375","NONE","372","False","False","ranked","19","False","",""
"4 Olympic Games, 6 FIFA Women's World Cup appearances and 1 World Cup title later, Sawa leaves the game a legend.","https://www.facebook.com/adidas/photos/a.191308754225385.42450.182162001806727/1038320149524237/?type=3","https://www.facebook.com/adidas/posts/1038320149524237:0","2015-12-16T14:20:05+0000","photo","Timeline Photos","182162001806727_1038320149524237","18","851","NONE","850","False","False","ranked","62","False","",""
"The speed you want, created as fast as you want it.  The SPEEDFACTORY has been activated. Learn more: http://a.did.as/6185BT9ib","https://www.facebook.com/adidas/photos/a.191308754225385.42450.182162001806727/1034927026530216/?type=3","https://www.facebook.com/adidas/posts/1034927026530216:0","2015-12-09T10:00:10+0000","photo","Timeline Photos","182162001806727_1034927026530216","19","590","NONE","589","False","False","ranked","59","False","",""
"The tides are turning.  Futurecraft meets Parley for the Oceans to transform deep-sea plastic waste into a 3D-printed midsole.","https://www.facebook.com/adidas/photos/a.191308754225385.42450.182162001806727/1034488169907435/?type=3","https://www.facebook.com/adidas/posts/1034488169907435:0","2015-12-08T10:30:12+0000","photo","Timeline Photos","182162001806727_1034488169907435","104","1842","NONE","1835","False","False","ranked","74","False","",""
"Creators never follow.  Be who you are and create your own game.","https://www.facebook.com/adidas/videos/1031575963531989/","https://www.facebook.com/adidas/videos/1031575963531989/","2015-12-02T14:01:14+0000","video","adidas: Creators Never Follow - Harden","182162001806727_1031575963531989","11464","47371","NONE","47354","False","False","ranked","1158","False","",""
"Take today. Give yourself permission to be strong. Sweat. Struggle. And then ask for more. You've got this. adidas.com/i_got_this?grid=true","https://www.facebook.com/adidas/photos/a.191308754225385.42450.182162001806727/1027599580596294/?type=3","https://www.facebook.com/adidas/posts/1027599580596294:0","2015-11-23T18:01:01+0000","photo","Timeline Photos","182162001806727_1027599580596294","36","769","NONE","764","False","False","ranked","59","False","",""
"Created for Rio. Ready to take on the world.  Next year belongs to Errejota.","https://www.facebook.com/adidas/videos/1025827207440198/","https://www.facebook.com/adidas/videos/1025827207440198/","2015-11-19T11:00:51+0000","video","adidas: Errejota - Ready for Rio","182162001806727_1025827207440198","178","993","NONE","992","False","False","ranked","54","False","",""
"You've earned your stripes. Now show them with pride.  Today we celebrate adidas Tracksuit Day.","https://www.facebook.com/adidas/photos/a.191308754225385.42450.182162001806727/1020215888001330/?type=3","https://www.facebook.com/adidas/posts/1020215888001330:0","2015-11-06T16:00:13+0000","photo","Timeline Photos","182162001806727_1020215888001330","23","872","NONE","871","False","False","ranked","83","False","",""
"Suit up and show your stripes.  Today we celebrate adidas Tracksuit Day.","https://www.facebook.com/adidas/photos/a.191308754225385.42450.182162001806727/1020081574681428/?type=3","https://www.facebook.com/adidas/posts/1020081574681428:0","2015-11-06T10:00:09+0000","photo","Timeline Photos","182162001806727_1020081574681428","64","1449","NONE","1441","False","False","ranked","68","False","",""
"For creators. By creators. The future of performance innovation meets a true adidas Originals icon. This is Futurecraft Leather. Dropping Nov. 7 exclusively at Dover Street Market in New York, London and Tokyo.","https://www.facebook.com/adidas/photos/a.1019829458039973.1073741856.182162001806727/1019829464706639/?type=3","","2015-11-05T19:00:22+0000","photo","adidas: Futurecraft Leather","182162001806727_1019829464706639","134","474","NONE","464","False","False","ranked","30","False","",""
"An homage to a legend. A revolution in performance innovation.  Step into the future with Futurecraft Leather, a timeless icon seamlessly constructed from a single piece of milled leather.","https://www.facebook.com/adidas/videos/1019773164712269/","https://www.facebook.com/adidas/videos/1019773164712269/","2015-11-05T16:02:05+0000","video","","182162001806727_1019773164712269","223","965","NONE","963","False","False","ranked","47","False","",""
"A timeless icon built for the future, by the future. Stay tuned.","https://www.facebook.com/adidas/photos/a.191308754225385.42450.182162001806727/1019359591420293/?type=3","https://www.facebook.com/adidas/posts/1019359591420293:0","2015-11-04T16:00:07+0000","photo","Timeline Photos","182162001806727_1019359591420293","28","830","NONE","825","False","False","ranked","29","False","",""
"Back to back. The greatest team ever.","https://www.facebook.com/adidas/photos/a.191308754225385.42450.182162001806727/1017370818285837/?type=3","https://www.facebook.com/adidas/posts/1017370818285837:0","2015-10-31T17:49:02+0000","photo","Timeline Photos","182162001806727_1017370818285837","68","1066","NONE","1063","False","False","ranked","64","False","",""
"The perfect 10. One last time.","https://www.facebook.com/adidas/photos/a.191308754225385.42450.182162001806727/1017316348291284/?type=3","https://www.facebook.com/adidas/posts/1017316348291284:0","2015-10-31T15:00:15+0000","photo","Timeline Photos","182162001806727_1017316348291284","21","772","NONE","770","False","False","ranked","27","False","",""
"Limitless style for the bold.  adidas Originals x Kanye West YEEZY SEASON 1 available worldwide tomorrow.","https://www.facebook.com/adidas/photos/a.191308754225385.42450.182162001806727/1015982708424648/?type=3","https://www.facebook.com/adidas/posts/1015982708424648:0","2015-10-28T14:00:15+0000","photo","Timeline Photos","182162001806727_1015982708424648","21","662","NONE","660","False","False","ranked","52","False","",""
"History is in their hands.","https://www.facebook.com/adidas/photos/a.191308754225385.42450.182162001806727/1014302145259371/?type=3","https://www.facebook.com/adidas/posts/1014302145259371:0","2015-10-24T16:50:43+0000","photo","Timeline Photos","182162001806727_1014302145259371","11","672","NONE","671","False","False","ranked","38","False","",""
"Tomorrow's destiny is today's hard work. Take Today.","https://www.facebook.com/adidas/photos/a.191308754225385.42450.182162001806727/1014237155265870/?type=3","https://www.facebook.com/adidas/posts/1014237155265870:0","2015-10-24T14:00:14+0000","photo","Timeline Photos","182162001806727_1014237155265870","28","511","NONE","510","False","False","ranked","20","False","",""
"Make a move or move out of the way.  It's forever or never.","https://www.facebook.com/adidas/videos/1012847428738176/","https://www.facebook.com/adidas/videos/1012847428738176/","2015-10-21T14:01:21+0000","video","","182162001806727_1012847428738176","247","794","NONE","793","False","False","ranked","45","False","",""
"Your dream. Your freedom. Claim it.","https://www.facebook.com/adidas/videos/1012483385441247/","https://www.facebook.com/adidas/videos/1012483385441247/","2015-10-20T15:31:21+0000","video","","182162001806727_1012483385441247","115","671","NONE","670","False","False","ranked","26","False","",""
"Nine titles and counting. Novak Djokovic takes Shanghai.","https://www.facebook.com/adidas/photos/a.191308754225385.42450.182162001806727/1011562658866653/?type=3","https://www.facebook.com/adidas/posts/1011562658866653:0","2015-10-18T10:38:09+0000","photo","Timeline Photos","182162001806727_1011562658866653","28","990","NONE","987","False","False","ranked","33","False","",""
"Absolute focus. Undeniable strength.","https://www.facebook.com/adidas/photos/a.191308754225385.42450.182162001806727/1009031332453119/?type=3","https://www.facebook.com/adidas/posts/1009031332453119:0","2015-10-12T14:00:16+0000","photo","Timeline Photos","182162001806727_1009031332453119","47","1732","NONE","1729","False","False","ranked","51","False","",""
"Today we run Chicago.  Prove yourself and attack the city.","https://www.facebook.com/adidas/photos/a.191308754225385.42450.182162001806727/1008549349167984/?type=3","https://www.facebook.com/adidas/posts/1008549349167984:0","2015-10-11T11:05:31+0000","photo","Timeline Photos","182162001806727_1008549349167984","19","853","NONE","852","False","False","ranked","16","False","",""
"3D-printed performance footwear. This is Futurecraft 3D.  Take a sneak peek at the future of running.","https://www.facebook.com/adidas/videos/1007004639322455/","https://www.facebook.com/adidas/videos/1007004639322455/","2015-10-07T15:02:09+0000","video","","182162001806727_1007004639322455","408","1366","NONE","1361","False","False","ranked","66","False","",""
"We signed the league, now the leagues best.  Welcome, Sidney Crosby.","https://www.facebook.com/adidas/photos/a.191308754225385.42450.182162001806727/1006767439346175/?type=3","https://www.facebook.com/adidas/posts/1006767439346175:0","2015-10-06T23:26:29+0000","photo","Timeline Photos","182162001806727_1006767439346175","10","448","NONE","447","False","False","ranked","19","False","",""
"The wait is over. Welcome, James Harden.","https://www.facebook.com/adidas/photos/a.191308754225385.42450.182162001806727/1004564866233099/?type=3","https://www.facebook.com/adidas/posts/1004564866233099:0","2015-10-01T15:45:09+0000","photo","Timeline Photos","182162001806727_1004564866233099","282","3128","NONE","3121","False","False","ranked","329","False","",""
"A dream full of every colour under the rainbow.  Lizzie Armitstead is the Champion of the World.","https://www.facebook.com/adidas/photos/a.191308754225385.42450.182162001806727/1002775793078673/?type=3","https://www.facebook.com/adidas/posts/1002775793078673:0","2015-09-27T09:20:29+0000","photo","Timeline Photos","182162001806727_1002775793078673","27","742","NONE","738","False","False","ranked","59","False","",""
"Recycle your boots. Reimagine your game.  A new breed of reusable football sportswear is on its way. Create your dream products from the old with a waste-free, customisable process that guarantees you'll never wear old boots again. Watch this space...","https://www.facebook.com/adidas/photos/a.191308754225385.42450.182162001806727/1001550209867898/?type=3","https://www.facebook.com/adidas/posts/1001550209867898:0","2015-09-24T09:00:04+0000","photo","Timeline Photos","182162001806727_1001550209867898","462","2669","NONE","2664","False","False","ranked","66","False","",""
"Without sweat, there is no victory. It's forever or never.","https://www.facebook.com/adidas/videos/1001191433237109/","https://www.facebook.com/adidas/videos/1001191433237109/","2015-09-23T12:01:20+0000","video","adidas: Arthur Zanetti - It's Forever or Never","182162001806727_1001191433237109","2158","1770","NONE","1769","False","False","ranked","80","False","",""
"Today was a good Day.   Jason Day, world number one.","https://www.facebook.com/adidas/photos/a.781489568540631.1073741846.182162001806727/999753116714274/?type=3","https://www.facebook.com/adidas/posts/999753116714274:0","2015-09-20T22:40:25+0000","photo","Mobile Uploads","182162001806727_999753116714274","6","438","NONE","437","False","False","ranked","22","False","",""
